key,time
key,time
key,time
key,time
key,time
key,time
key,time
key,time
key,time
key,time
key,time
key,time
key,time
key,time
key,time
key,time
key,time
key,time
key,time
key,time
key,time
key,time
key,time
key,time
key,time
key,time
key,time
key,time
key,time
key,time
key,time
key,time
key,time
key,time
key,time
key,time
key,time
key,time
key,time
key,time
key,time
key,time
key,time
key,time
key,time
key,time
key,time
key,time
key,time
key,time
key,time
key,time
key,time
key,time
key,time
key,time
key,time
key,time
key,time
key,time
